recipient,donor,mutation
0.988,0.447,N197
0.228,0.581,N197
0.922,0.312,N197
0,0,N197
0,0,N197
0.9890000000000001,0.9840000000000001,N197
0,0,N197
